{"id": "PREM_low-viscosity-asthenosphere-elastic-lithosphere_Benjamin-variable-asymptotic_ratio0.2-1.0", "model_filename": "low-viscosity-asthenosphere-elastic-lithosphere", "description_layers": [{"name": "LOWER MANTLE", "x_inf": 0.5462250824046461, "x_sup": 0.894835975514048, "splines": {"eta_m": [[0.5462250824046461, 0.5462250824046461, 0.5462250824046461, 0.5462250824046461, 0.623694169762291, 0.6624287134411133, 0.7011632571199358, 0.7398978007987583, 0.7786323444775808, 0.8173668881564031, 0.894835975514048, 0.894835975514048, 0.894835975514048, 0.894835975514048], [3e+21, 3.000000000000001e+21, 3.000000000000001e+21, 2.999999999999998e+21, 3.0000000000000016e+21, 2.9999999999999995e+21, 2.9999999999999984e+21, 3.000000000000001e+21, 2.9999999999999984e+21, 3e+21, 0.0, 0.0, 0.0, 0.0], 3], "eta_k": ["Inf", "Inf", 0], "mu_K1": [[0.5462250824046461, 0.5462250824046461, 0.5462250824046461, 0.5462250824046461, 0.623694169762291, 0.6624287134411133, 0.7011632571199358, 0.7398978007987583, 0.7786323444775808, 0.8173668881564031, 0.894835975514048, 0.894835975514048, 0.894835975514048, 0.894835975514048], [0.0, 0.0, 0.0, 0.0, 0.0, 0.0, 0.0, 0.0, 0.0, 0.0, 0.0, 0.0, 0.0, 0.0], 3], "c": [[0.5462250824046461, 0.5462250824046461, 0.5462250824046461, 0.5462250824046461, 0.623694169762291, 0.6624287134411133, 0.7011632571199358, 0.7398978007987583, 0.7786323444775808, 0.8173668881564031, 0.894835975514048, 0.894835975514048, 0.894835975514048, 0.894835975514048], [0.0, 0.0, 0.0, 0.0, 0.0, 0.0, 0.0, 0.0, 0.0, 0.0, 0.0, 0.0, 0.0, 0.0], 3]}}, {"name": "ASTHENOSPHERE", "x_inf": 0.894835975514048, "x_sup": 0.9686077538847905, "splines": {"eta_m": [[0.894835975514048, 0.894835975514048, 0.894835975514048, 0.894835975514048, 0.9112297040408797, 0.9194265683042956, 0.9276234325677113, 0.9358202968311271, 0.9440171610945429, 0.9522140253579588, 0.9686077538847905, 0.9686077538847905, 0.9686077538847905, 0.9686077538847905], [3.0000000000000004e+19, 2.999999999999999e+19, 3e+19, 3.0000000000000004e+19, 2.999999999999999e+19, 2.9999999999999996e+19, 2.9999999999999996e+19, 3.000000000000001e+19, 2.999999999999999e+19, 3e+19, 0.0, 0.0, 0.0, 0.0], 3], "eta_k": ["Inf", "Inf", 0], "mu_K1": [[0.894835975514048, 0.894835975514048, 0.894835975514048, 0.894835975514048, 0.9112297040408797, 0.9194265683042956, 0.9276234325677113, 0.9358202968311271, 0.9440171610945429, 0.9522140253579588, 0.9686077538847905, 0.9686077538847905, 0.9686077538847905, 0.9686077538847905], [0.0, 0.0, 0.0, 0.0, 0.0, 0.0, 0.0, 0.0, 0.0, 0.0, 0.0, 0.0, 0.0, 0.0], 3], "c": [[0.894835975514048, 0.894835975514048, 0.894835975514048, 0.894835975514048, 0.9112297040408797, 0.9194265683042956, 0.9276234325677113, 0.9358202968311271, 0.9440171610945429, 0.9522140253579588, 0.9686077538847905, 0.9686077538847905, 0.9686077538847905, 0.9686077538847905], [0.0, 0.0, 0.0, 0.0, 0.0, 0.0, 0.0, 0.0, 0.0, 0.0, 0.0, 0.0, 0.0, 0.0], 3]}}, {"name": "LITHOSPHERE", "x_inf": 0.9686077538847905, "x_sup": 0.9874431015539162, "splines": {"eta_m": ["Inf", "Inf", 0], "eta_k": ["Inf", "Inf", 0], "mu_K1": [[0.9686077538847905, 0.9686077538847905, 0.9686077538847905, 0.9686077538847905, 0.9727933867001518, 0.9748862031078324, 0.9769790195155129, 0.9790718359231937, 0.9811646523308742, 0.9832574687385549, 0.9874431015539162, 0.9874431015539162, 0.9874431015539162, 0.9874431015539162], [0.0, 0.0, 0.0, 0.0, 0.0, 0.0, 0.0, 0.0, 0.0, 0.0, 0.0, 0.0, 0.0, 0.0], 3], "c": [[0.9686077538847905, 0.9686077538847905, 0.9686077538847905, 0.9686077538847905, 0.9727933867001518, 0.9748862031078324, 0.9769790195155129, 0.9790718359231937, 0.9811646523308742, 0.9832574687385549, 0.9874431015539162, 0.9874431015539162, 0.9874431015539162, 0.9874431015539162], [0.0, 0.0, 0.0, 0.0, 0.0, 0.0, 0.0, 0.0, 0.0, 0.0, 0.0, 0.0, 0.0, 0.0], 3]}}, {"name": "CRUST", "x_inf": 0.9874431015539162, "x_sup": 1.0, "splines": {"eta_m": ["Inf", "Inf", 0], "eta_k": ["Inf", "Inf", 0], "mu_K1": [[0.9874431015539162, 0.9874431015539162, 0.9874431015539162, 0.9874431015539162, 0.9902335234308237, 0.9916287343692775, 0.9930239453077313, 0.9944191562461849, 0.9958143671846387, 0.9972095781230924, 1.0, 1.0, 1.0, 1.0], [0.0, 0.0, 0.0, 0.0, 0.0, 0.0, 0.0, 0.0, 0.0, 0.0, 0.0, 0.0, 0.0, 0.0], 3], "c": [[0.9874431015539162, 0.9874431015539162, 0.9874431015539162, 0.9874431015539162, 0.9902335234308237, 0.9916287343692775, 0.9930239453077313, 0.9944191562461849, 0.9958143671846387, 0.9972095781230924, 1.0, 1.0, 1.0, 1.0], [0.0, 0.0, 0.0, 0.0, 0.0, 0.0, 0.0, 0.0, 0.0, 0.0, 0.0, 0.0, 0.0, 0.0], 3]}}], "radius_unit": 6371000.0, "real_crust": false, "n_splines_base": 10}