{"id": "PREM-constant-mu_uniform_uniform", "model_filename": "uniform", "description_layers": [{"name": "", "x_inf": 0.0, "x_sup": 1.0, "splines": {"eta_m": [[0.0, 0.0, 0.0, 0.0, 0.2222222222222222, 0.3333333333333333, 0.4444444444444444, 0.5555555555555556, 0.6666666666666666, 0.7777777777777778, 1.0, 1.0, 1.0, 1.0], [3e+21, 3.000000000000001e+21, 3e+21, 3e+21, 2.999999999999999e+21, 3.0000000000000005e+21, 2.9999999999999995e+21, 2.999999999999998e+21, 3.000000000000002e+21, 3e+21, 0.0, 0.0, 0.0, 0.0], 3], "eta_k": ["Inf", "Inf", 0], "mu_K1": [[0.0, 0.0, 0.0, 0.0, 0.2222222222222222, 0.3333333333333333, 0.4444444444444444, 0.5555555555555556, 0.6666666666666666, 0.7777777777777778, 1.0, 1.0, 1.0, 1.0], [0.0, 0.0, 0.0, 0.0, 0.0, 0.0, 0.0, 0.0, 0.0, 0.0, 0.0, 0.0, 0.0, 0.0], 3], "c": [[0.0, 0.0, 0.0, 0.0, 0.2222222222222222, 0.3333333333333333, 0.4444444444444444, 0.5555555555555556, 0.6666666666666666, 0.7777777777777778, 1.0, 1.0, 1.0, 1.0], [0.0, 0.0, 0.0, 0.0, 0.0, 0.0, 0.0, 0.0, 0.0, 0.0, 0.0, 0.0, 0.0, 0.0], 3]}}], "radius_unit": 6371000.0, "real_crust": false, "n_splines_base": 10}