{"id": "PREM-constant-mu-Q312_uniform_uniform", "model_filename": "uniform", "description_layers": [{"name": "", "x_inf": 0.5462250824046461, "x_sup": 1.0, "splines": {"eta_m": [[0.5462250824046461, 0.5462250824046461, 0.5462250824046461, 0.5462250824046461, 0.6470639529813914, 0.6974833882697641, 0.7479028235581368, 0.7983222588465093, 0.8487416941348821, 0.8991611294232548, 1.0, 1.0, 1.0, 1.0], [3e+21, 2.999999999999999e+21, 3.0000000000000005e+21, 3e+21, 3.000000000000001e+21, 3e+21, 3e+21, 2.9999999999999984e+21, 3.0000000000000016e+21, 3e+21, 0.0, 0.0, 0.0, 0.0], 3], "eta_k": ["Inf", "Inf", 0], "mu_K1": [[0.5462250824046461, 0.5462250824046461, 0.5462250824046461, 0.5462250824046461, 0.6470639529813914, 0.6974833882697641, 0.7479028235581368, 0.7983222588465093, 0.8487416941348821, 0.8991611294232548, 1.0, 1.0, 1.0, 1.0], [0.0, 0.0, 0.0, 0.0, 0.0, 0.0, 0.0, 0.0, 0.0, 0.0, 0.0, 0.0, 0.0, 0.0], 3], "c": [[0.5462250824046461, 0.5462250824046461, 0.5462250824046461, 0.5462250824046461, 0.6470639529813914, 0.6974833882697641, 0.7479028235581368, 0.7983222588465093, 0.8487416941348821, 0.8991611294232548, 1.0, 1.0, 1.0, 1.0], [0.0, 0.0, 0.0, 0.0, 0.0, 0.0, 0.0, 0.0, 0.0, 0.0, 0.0, 0.0, 0.0, 0.0], 3]}}], "radius_unit": 6371000.0, "real_crust": false, "n_splines_base": 10}