{"id": "PREM_Peltier-asthenosphere-elastic-lithosphere_Benjamin-variable-asymptotic_ratio0.2-1.0", "model_filename": "Peltier-asthenosphere-elastic-lithosphere", "description_layers": [{"name": "LOWER MANTLE", "x_inf": 0.5462250824046461, "x_sup": 0.894835975514048, "splines": {"eta_m": [[0.5462250824046461, 0.5462250824046461, 0.5462250824046461, 0.5462250824046461, 0.623694169762291, 0.6624287134411133, 0.7011632571199358, 0.7398978007987583, 0.7786323444775808, 0.8173668881564031, 0.894835975514048, 0.894835975514048, 0.894835975514048, 0.894835975514048], [3e+21, 3.000000000000001e+21, 3.000000000000001e+21, 2.999999999999998e+21, 3.0000000000000016e+21, 2.9999999999999995e+21, 2.9999999999999984e+21, 3.000000000000001e+21, 2.9999999999999984e+21, 3e+21, 0.0, 0.0, 0.0, 0.0], 3], "eta_k": ["Inf", "Inf", 0], "mu_K1": [[0.5462250824046461, 0.5462250824046461, 0.5462250824046461, 0.5462250824046461, 0.623694169762291, 0.6624287134411133, 0.7011632571199358, 0.7398978007987583, 0.7786323444775808, 0.8173668881564031, 0.894835975514048, 0.894835975514048, 0.894835975514048, 0.894835975514048], [0.0, 0.0, 0.0, 0.0, 0.0, 0.0, 0.0, 0.0, 0.0, 0.0, 0.0, 0.0, 0.0, 0.0], 3], "c": [[0.5462250824046461, 0.5462250824046461, 0.5462250824046461, 0.5462250824046461, 0.623694169762291, 0.6624287134411133, 0.7011632571199358, 0.7398978007987583, 0.7786323444775808, 0.8173668881564031, 0.894835975514048, 0.894835975514048, 0.894835975514048, 0.894835975514048], [0.0, 0.0, 0.0, 0.0, 0.0, 0.0, 0.0, 0.0, 0.0, 0.0, 0.0, 0.0, 0.0, 0.0], 3]}}, {"name": "UPPER MANTLE", "x_inf": 0.894835975514048, "x_sup": 0.9686077538847905, "splines": {"eta_m": [[0.894835975514048, 0.894835975514048, 0.894835975514048, 0.894835975514048, 0.9112297040408797, 0.9194265683042956, 0.9276234325677113, 0.9358202968311271, 0.9440171610945429, 0.9522140253579588, 0.9686077538847905, 0.9686077538847905, 0.9686077538847905, 0.9686077538847905], [3e+20, 3.0000000000000007e+20, 2.999999999999999e+20, 3.0000000000000007e+20, 2.999999999999998e+20, 3e+20, 3e+20, 3e+20, 3e+20, 3e+20, 0.0, 0.0, 0.0, 0.0], 3], "eta_k": ["Inf", "Inf", 0], "mu_K1": [[0.894835975514048, 0.894835975514048, 0.894835975514048, 0.894835975514048, 0.9112297040408797, 0.9194265683042956, 0.9276234325677113, 0.9358202968311271, 0.9440171610945429, 0.9522140253579588, 0.9686077538847905, 0.9686077538847905, 0.9686077538847905, 0.9686077538847905], [0.0, 0.0, 0.0, 0.0, 0.0, 0.0, 0.0, 0.0, 0.0, 0.0, 0.0, 0.0, 0.0, 0.0], 3], "c": [[0.894835975514048, 0.894835975514048, 0.894835975514048, 0.894835975514048, 0.9112297040408797, 0.9194265683042956, 0.9276234325677113, 0.9358202968311271, 0.9440171610945429, 0.9522140253579588, 0.9686077538847905, 0.9686077538847905, 0.9686077538847905, 0.9686077538847905], [0.0, 0.0, 0.0, 0.0, 0.0, 0.0, 0.0, 0.0, 0.0, 0.0, 0.0, 0.0, 0.0, 0.0], 3]}}, {"name": "LITHOSPHERE", "x_inf": 0.9686077538847905, "x_sup": 0.9961701459739445, "splines": {"eta_m": ["Inf", "Inf", 0], "eta_k": ["Inf", "Inf", 0], "mu_K1": [[0.9686077538847905, 0.9686077538847905, 0.9686077538847905, 0.9686077538847905, 0.9747327299046025, 0.9777952179145084, 0.9808577059244143, 0.9839201939343205, 0.9869826819442264, 0.9900451699541325, 0.9961701459739445, 0.9961701459739445, 0.9961701459739445, 0.9961701459739445], [0.0, 0.0, 0.0, 0.0, 0.0, 0.0, 0.0, 0.0, 0.0, 0.0, 0.0, 0.0, 0.0, 0.0], 3], "c": [[0.9686077538847905, 0.9686077538847905, 0.9686077538847905, 0.9686077538847905, 0.9747327299046025, 0.9777952179145084, 0.9808577059244143, 0.9839201939343205, 0.9869826819442264, 0.9900451699541325, 0.9961701459739445, 0.9961701459739445, 0.9961701459739445, 0.9961701459739445], [0.0, 0.0, 0.0, 0.0, 0.0, 0.0, 0.0, 0.0, 0.0, 0.0, 0.0, 0.0, 0.0, 0.0], 3]}}, {"name": "CRUST", "x_inf": 0.9961701459739445, "x_sup": 1.0, "splines": {"eta_m": ["Inf", "Inf", 0], "eta_k": ["Inf", "Inf", 0], "mu_K1": [[0.9961701459739445, 0.9961701459739445, 0.9961701459739445, 0.9961701459739445, 0.9970212246464012, 0.9974467639826295, 0.9978723033188579, 0.9982978426550865, 0.9987233819913148, 0.9991489213275433, 1.0, 1.0, 1.0, 1.0], [0.0, 0.0, 0.0, 0.0, 0.0, 0.0, 0.0, 0.0, 0.0, 0.0, 0.0, 0.0, 0.0, 0.0], 3], "c": [[0.9961701459739445, 0.9961701459739445, 0.9961701459739445, 0.9961701459739445, 0.9970212246464012, 0.9974467639826295, 0.9978723033188579, 0.9982978426550865, 0.9987233819913148, 0.9991489213275433, 1.0, 1.0, 1.0, 1.0], [0.0, 0.0, 0.0, 0.0, 0.0, 0.0, 0.0, 0.0, 0.0, 0.0, 0.0, 0.0, 0.0, 0.0], 3]}}], "radius_unit": 6371000.0, "real_crust": false, "n_splines_base": 10}