{"id": "PREM_Burgers-asthenosphere-elastic-lithosphere_Benjamin-variable-asymptotic_ratio1.0-1.0", "model_filename": "Burgers-asthenosphere-elastic-lithosphere", "description_layers": [{"name": "LOWER MANTLE", "x_inf": 0.5462250824046461, "x_sup": 0.894835975514048, "splines": {"eta_m": [[0.5462250824046461, 0.5462250824046461, 0.5462250824046461, 0.5462250824046461, 0.623694169762291, 0.6624287134411133, 0.7011632571199358, 0.7398978007987583, 0.7786323444775808, 0.8173668881564031, 0.894835975514048, 0.894835975514048, 0.894835975514048, 0.894835975514048], [3e+21, 3.000000000000001e+21, 3.000000000000001e+21, 2.999999999999998e+21, 3.0000000000000016e+21, 2.9999999999999995e+21, 2.9999999999999984e+21, 3.000000000000001e+21, 2.9999999999999984e+21, 3e+21, 0.0, 0.0, 0.0, 0.0], 3], "eta_k": ["Inf", "Inf", 0], "mu_K1": [[0.5462250824046461, 0.5462250824046461, 0.5462250824046461, 0.5462250824046461, 0.623694169762291, 0.6624287134411133, 0.7011632571199358, 0.7398978007987583, 0.7786323444775808, 0.8173668881564031, 0.894835975514048, 0.894835975514048, 0.894835975514048, 0.894835975514048], [0.0, 0.0, 0.0, 0.0, 0.0, 0.0, 0.0, 0.0, 0.0, 0.0, 0.0, 0.0, 0.0, 0.0], 3], "c": [[0.5462250824046461, 0.5462250824046461, 0.5462250824046461, 0.5462250824046461, 0.623694169762291, 0.6624287134411133, 0.7011632571199358, 0.7398978007987583, 0.7786323444775808, 0.8173668881564031, 0.894835975514048, 0.894835975514048, 0.894835975514048, 0.894835975514048], [0.0, 0.0, 0.0, 0.0, 0.0, 0.0, 0.0, 0.0, 0.0, 0.0, 0.0, 0.0, 0.0, 0.0], 3]}}, {"name": "UPPER MANTLE", "x_inf": 0.894835975514048, "x_sup": 0.9529116308271857, "splines": {"eta_m": [[0.894835975514048, 0.894835975514048, 0.894835975514048, 0.894835975514048, 0.9077416766947453, 0.9141945272850939, 0.9206473778754425, 0.9271002284657912, 0.9335530790561398, 0.9400059296464884, 0.9529116308271857, 0.9529116308271857, 0.9529116308271857, 0.9529116308271857], [3.000000000000001e+20, 3.000000000000002e+20, 2.9999999999999993e+20, 3.000000000000001e+20, 3.0000000000000007e+20, 2.9999999999999993e+20, 3.000000000000001e+20, 2.999999999999999e+20, 3.000000000000002e+20, 3.0000000000000007e+20, 0.0, 0.0, 0.0, 0.0], 3], "eta_k": ["Inf", "Inf", 0], "mu_K1": [[0.894835975514048, 0.894835975514048, 0.894835975514048, 0.894835975514048, 0.9077416766947453, 0.9141945272850939, 0.9206473778754425, 0.9271002284657912, 0.9335530790561398, 0.9400059296464884, 0.9529116308271857, 0.9529116308271857, 0.9529116308271857, 0.9529116308271857], [0.0, 0.0, 0.0, 0.0, 0.0, 0.0, 0.0, 0.0, 0.0, 0.0, 0.0, 0.0, 0.0, 0.0], 3], "c": [[0.894835975514048, 0.894835975514048, 0.894835975514048, 0.894835975514048, 0.9077416766947453, 0.9141945272850939, 0.9206473778754425, 0.9271002284657912, 0.9335530790561398, 0.9400059296464884, 0.9529116308271857, 0.9529116308271857, 0.9529116308271857, 0.9529116308271857], [0.0, 0.0, 0.0, 0.0, 0.0, 0.0, 0.0, 0.0, 0.0, 0.0, 0.0, 0.0, 0.0, 0.0], 3]}}, {"name": "ASTHENOSPHERE", "x_inf": 0.9529116308271857, "x_sup": 0.9843038769423952, "splines": {"eta_m": [[0.9529116308271857, 0.9529116308271857, 0.9529116308271857, 0.9529116308271857, 0.9598876855194544, 0.9633757128655889, 0.9668637402117233, 0.9703517675578577, 0.973839794903992, 0.9773278222501265, 0.9843038769423952, 0.9843038769423952, 0.9843038769423952, 0.9843038769423952], [3.0000000000000004e+19, 2.9999999999999975e+19, 3.000000000000003e+19, 2.999999999999999e+19, 2.9999999999999996e+19, 3.000000000000001e+19, 2.999999999999998e+19, 3.000000000000001e+19, 2.9999999999999996e+19, 3e+19, 0.0, 0.0, 0.0, 0.0], 3], "eta_k": [[0.9529116308271857, 0.9529116308271857, 0.9529116308271857, 0.9529116308271857, 0.9598876855194544, 0.9633757128655889, 0.9668637402117233, 0.9703517675578577, 0.973839794903992, 0.9773278222501265, 0.9843038769423952, 0.9843038769423952, 0.9843038769423952, 0.9843038769423952], [3e+18, 2.999999999999999e+18, 3.0000000000000015e+18, 3e+18, 3e+18, 3e+18, 2.9999999999999974e+18, 3.0000000000000005e+18, 3.0000000000000005e+18, 3e+18, 0.0, 0.0, 0.0, 0.0], 3], "mu_K1": [[0.9529116308271857, 0.9529116308271857, 0.9529116308271857, 0.9529116308271857, 0.9598876855194544, 0.9633757128655889, 0.9668637402117233, 0.9703517675578577, 0.973839794903992, 0.9773278222501265, 0.9843038769423952, 0.9843038769423952, 0.9843038769423952, 0.9843038769423952], [0.0, 0.0, 0.0, 0.0, 0.0, 0.0, 0.0, 0.0, 0.0, 0.0, 0.0, 0.0, 0.0, 0.0], 3], "c": [[0.9529116308271857, 0.9529116308271857, 0.9529116308271857, 0.9529116308271857, 0.9598876855194544, 0.9633757128655889, 0.9668637402117233, 0.9703517675578577, 0.973839794903992, 0.9773278222501265, 0.9843038769423952, 0.9843038769423952, 0.9843038769423952, 0.9843038769423952], [0.0, 0.0, 0.0, 0.0, 0.0, 0.0, 0.0, 0.0, 0.0, 0.0, 0.0, 0.0, 0.0, 0.0], 3]}}, {"name": "LITHOSPHERE", "x_inf": 0.9843038769423952, "x_sup": 0.9961701459739445, "splines": {"eta_m": ["Inf", "Inf", 0], "eta_k": ["Inf", "Inf", 0], "mu_K1": [[0.9843038769423952, 0.9843038769423952, 0.9843038769423952, 0.9843038769423952, 0.9869408256160729, 0.9882592999529116, 0.9895777742897505, 0.9908962486265892, 0.992214722963428, 0.9935331973002668, 0.9961701459739445, 0.9961701459739445, 0.9961701459739445, 0.9961701459739445], [0.0, 0.0, 0.0, 0.0, 0.0, 0.0, 0.0, 0.0, 0.0, 0.0, 0.0, 0.0, 0.0, 0.0], 3], "c": [[0.9843038769423952, 0.9843038769423952, 0.9843038769423952, 0.9843038769423952, 0.9869408256160729, 0.9882592999529116, 0.9895777742897505, 0.9908962486265892, 0.992214722963428, 0.9935331973002668, 0.9961701459739445, 0.9961701459739445, 0.9961701459739445, 0.9961701459739445], [0.0, 0.0, 0.0, 0.0, 0.0, 0.0, 0.0, 0.0, 0.0, 0.0, 0.0, 0.0, 0.0, 0.0], 3]}}, {"name": "CRUST", "x_inf": 0.9961701459739445, "x_sup": 1.0, "splines": {"eta_m": ["Inf", "Inf", 0], "eta_k": ["Inf", "Inf", 0], "mu_K1": [[0.9961701459739445, 0.9961701459739445, 0.9961701459739445, 0.9961701459739445, 0.9970212246464012, 0.9974467639826295, 0.9978723033188579, 0.9982978426550865, 0.9987233819913148, 0.9991489213275433, 1.0, 1.0, 1.0, 1.0], [0.0, 0.0, 0.0, 0.0, 0.0, 0.0, 0.0, 0.0, 0.0, 0.0, 0.0, 0.0, 0.0, 0.0], 3], "c": [[0.9961701459739445, 0.9961701459739445, 0.9961701459739445, 0.9961701459739445, 0.9970212246464012, 0.9974467639826295, 0.9978723033188579, 0.9982978426550865, 0.9987233819913148, 0.9991489213275433, 1.0, 1.0, 1.0, 1.0], [0.0, 0.0, 0.0, 0.0, 0.0, 0.0, 0.0, 0.0, 0.0, 0.0, 0.0, 0.0, 0.0, 0.0], 3]}}], "radius_unit": 6371000.0, "real_crust": false, "n_splines_base": 10}