{
    "layer_names": [
        "LOWER MANTLE 1",
        "LOWER MANTLE 2",
        "LOWER MANTLE 3",
        "TRANSITION_ZONE",
        "LVZ",
        "LID",
        "CRUST"
    ],
    "r_limits": [
        3480000.0,
        4290000.0,
        4900000.0,
        5701000.0,
        6151000.0,
        6291000.0,
        6346600.0,
        6371000.0
    ],
    "variable_names": [
        "Q_mu",
        "omega_m",
        "alpha",
        "tau_M",
        "asymptotic_mu_ratio"
    ],
    "crust_values": {
        "Q_mu": null,
        "omega_m": null,
        "alpha": null,
        "tau_M": null,
        "asymptotic_mu_ratio": null
    },
    "polynomials": {
        "Q_mu": [
            [
                312
            ],
            [
                335
            ],
            [
                419
            ],
            [
                132
            ],
            [
                88
            ],
            [
                594
            ],
            [
                594
            ]
        ],
        "omega_m": [
            [
                0.000309
            ],
            [
                0.000309
            ],
            [
                0.000309
            ],
            [
                0.000309
            ],
            [
                0.000309
            ],
            [
                0.000309
            ],
            [
                0.0
            ]
        ],
        "alpha": [
            [
                0.25
            ],
            [
                0.25
            ],
            [
                0.25
            ],
            [
                0.25
            ],
            [
                0.25
            ],
            [
                0.25
            ],
            [
                0.0
            ]
        ],
        "tau_M": [
            [
                0.0
            ],
            [
                0.0
            ],
            [
                0.0
            ],
            [
                0.0
            ],
            [
                0.0
            ],
            [
                0.0
            ],
            [
                0.0
            ]
        ],
        "asymptotic_mu_ratio": [
            [
                0.15
            ],
            [
                0.15
            ],
            [
                0.15
            ],
            [
                0.15
            ],
            [
                0.15
            ],
            [
                0.15
            ],
            [
                1.0
            ]
        ]
    }
}