{
    "layer_names": [
        "LOWER MANTLE 1",
        "LOWER MANTLE 2",
        "LOWER MANTLE 3",
        "LOWER MANTLE 4",
        "LOWER MANTLE 5",
        "LOWER MANTLE 6",
        "LOWER MANTLE 7",
        "LOWER MANTLE 8",
        "TRANSITION_ZONE 1",
        "TRANSITION_ZONE 2",
        "TRANSITION_ZONE 3",
        "TRANSITION_ZONE 4",
        "LVZ 1",
        "LVZ 2",
        "CRUST"
    ],
    "r_limits": [
        3480000.0,
        4351000.0,
        4525000.0,
        4700000.0,
        4868000.0,
        5056000.0,
        5210000.0,
        5485000.0,
        5693000.0,
        5701000.0,
        5830000.0,
        5950000.0,
        6050000.0,
        6151000.0,
        6180000.0,
        6280000.0,
        6346600.0,
        6371000.0
    ],
    "variable_names": [
        "Q_mu",
        "omega_m",
        "alpha",
        "tau_M",
        "asymptotic_mu_ratio"
    ],
    "crust_values": {
        "Q_mu": null,
        "omega_m": null,
        "alpha": null,
        "tau_M": null,
        "asymptotic_mu_ratio": null
    },
    "polynomials": {
        "Q_mu": [
            [
                267
            ],
            [
                283
            ],
            [
                309
            ],
            [
                340
            ],
            [
                358
            ],
            [
                366
            ],
            [
                378
            ],
            [
                359
            ],
            [
                283
            ],
            [
                209
            ],
            [
                152
            ],
            [
                121
            ],
            [
                115
            ],
            [
                120
            ],
            [
                120
            ]
        ],
        "omega_m": [
            [
                0.000309
            ],
            [
                0.000309
            ],
            [
                0.000309
            ],
            [
                0.000309
            ],
            [
                0.000309
            ],
            [
                0.000309
            ],
            [
                0.000309
            ],
            [
                0.000309
            ],
            [
                0.000309
            ],
            [
                0.000309
            ],
            [
                0.000309
            ],
            [
                0.000309
            ],
            [
                0.000309
            ],
            [
                0.000309
            ],
            [
                0.0
            ]
        ],
        "alpha": [
            [
                0.25
            ],
            [
                0.25
            ],
            [
                0.25
            ],
            [
                0.25
            ],
            [
                0.25
            ],
            [
                0.25
            ],
            [
                0.25
            ],
            [
                0.25
            ],
            [
                0.25
            ],
            [
                0.25
            ],
            [
                0.25
            ],
            [
                0.25
            ],
            [
                0.25
            ],
            [
                0.25
            ],
            [
                0.0
            ]
        ],
        "tau_M": [
            [
                0.0
            ],
            [
                0.0
            ],
            [
                0.0
            ],
            [
                0.0
            ],
            [
                0.0
            ],
            [
                0.0
            ],
            [
                0.0
            ],
            [
                0.0
            ],
            [
                0.0
            ],
            [
                0.0
            ],
            [
                0.0
            ],
            [
                0.0
            ],
            [
                0.0
            ],
            [
                0.0
            ],
            [
                0.0
            ]
        ],
        "asymptotic_mu_ratio": [
            [
                0.15
            ],
            [
                0.15
            ],
            [
                0.15
            ],
            [
                0.15
            ],
            [
                0.15
            ],
            [
                0.15
            ],
            [
                0.15
            ],
            [
                0.15
            ],
            [
                0.15
            ],
            [
                0.15
            ],
            [
                0.15
            ],
            [
                0.15
            ],
            [
                0.15
            ],
            [
                0.15
            ],
            [
                1.0
            ]
        ]
    }
}