{"id": "PREM-constant-Q_uniform_uniform", "model_filename": "uniform", "description_layers": [{"name": "", "x_inf": 0.0, "x_sup": 1.0, "splines": {"omega_m": [[0.0, 0.0, 0.0, 0.0, 0.2222222222222222, 0.3333333333333333, 0.4444444444444444, 0.5555555555555556, 0.6666666666666666, 0.7777777777777778, 1.0, 1.0, 1.0, 1.0], [0.00030900000000000003, 0.00030900000000000003, 0.000309, 0.00030900000000000003, 0.00030899999999999987, 0.0003089999999999998, 0.0003090000000000001, 0.0003089999999999998, 0.00030900000000000014, 0.000309, 0.0, 0.0, 0.0, 0.0], 3], "alpha": [[0.0, 0.0, 0.0, 0.0, 0.2222222222222222, 0.3333333333333333, 0.4444444444444444, 0.5555555555555556, 0.6666666666666666, 0.7777777777777778, 1.0, 1.0, 1.0, 1.0], [0.2500000000000001, 0.25, 0.25000000000000006, 0.25000000000000006, 0.24999999999999992, 0.25, 0.24999999999999997, 0.25, 0.2500000000000001, 0.25, 0.0, 0.0, 0.0, 0.0], 3], "tau_M": [[0.0, 0.0, 0.0, 0.0, 0.2222222222222222, 0.3333333333333333, 0.4444444444444444, 0.5555555555555556, 0.6666666666666666, 0.7777777777777778, 1.0, 1.0, 1.0, 1.0], [0.0, 0.0, 0.0, 0.0, 0.0, 0.0, 0.0, 0.0, 0.0, 0.0, 0.0, 0.0, 0.0, 0.0], 3], "asymptotic_attenuation": [[0.0, 0.0, 0.0, 0.0, 0.2222222222222222, 0.3333333333333333, 0.4444444444444444, 0.5555555555555556, 0.6666666666666666, 0.7777777777777778, 1.0, 1.0, 1.0, 1.0], [0.8000000000000003, 0.7999999999999999, 0.8000000000000004, 0.7999999999999999, 0.7999999999999998, 0.7999999999999999, 0.8, 0.7999999999999997, 0.8000000000000007, 0.8, 0.0, 0.0, 0.0, 0.0], 3]}}], "radius_unit": 6371000.0, "real_crust": false, "n_splines_base": 10}