{"id": "PREM_high-viscosity-asthenosphere-anelastic-lithosphere_Benjamin-variable-asymptotic_ratio0.1-1.0", "model_filename": "Benjamin-variable-asymptotic_ratio", "description_layers": [{"name": "MANTLE", "x_inf": 0.5462250824046461, "x_sup": 0.9961701459739445, "splines": {"omega_m": [[0.5462250824046461, 0.5462250824046461, 0.5462250824046461, 0.5462250824046461, 0.6462128743089346, 0.6962067702610788, 0.746200666213223, 0.7961945621653674, 0.8461884581175116, 0.896182354069656, 0.9961701459739445, 0.9961701459739445, 0.9961701459739445, 0.9961701459739445], [0.000309, 0.0003089999999999999, 0.0003090000000000002, 0.00030899999999999987, 0.0003090000000000001, 0.00030900000000000003, 0.00030900000000000003, 0.0003089999999999999, 0.00030900000000000003, 0.000309, 0.0, 0.0, 0.0, 0.0], 3], "alpha": [[0.5462250824046461, 0.5462250824046461, 0.5462250824046461, 0.5462250824046461, 0.6462128743089346, 0.6962067702610788, 0.746200666213223, 0.7961945621653674, 0.8461884581175116, 0.896182354069656, 0.9961701459739445, 0.9961701459739445, 0.9961701459739445, 0.9961701459739445], [0.25000000000000006, 0.25, 0.25, 0.24999999999999992, 0.2500000000000001, 0.25000000000000006, 0.25, 0.25, 0.25000000000000006, 0.25, 0.0, 0.0, 0.0, 0.0], 3], "tau_M": [[0.5462250824046461, 0.5462250824046461, 0.5462250824046461, 0.5462250824046461, 0.6462128743089346, 0.6962067702610788, 0.746200666213223, 0.7961945621653674, 0.8461884581175116, 0.896182354069656, 0.9961701459739445, 0.9961701459739445, 0.9961701459739445, 0.9961701459739445], [0.0, 0.0, 0.0, 0.0, 0.0, 0.0, 0.0, 0.0, 0.0, 0.0, 0.0, 0.0, 0.0, 0.0], 3], "asymptotic_attenuation": [[0.5462250824046461, 0.5462250824046461, 0.5462250824046461, 0.5462250824046461, 0.6462128743089346, 0.6962067702610788, 0.746200666213223, 0.7961945621653674, 0.8461884581175116, 0.896182354069656, 0.9961701459739445, 0.9961701459739445, 0.9961701459739445, 0.9961701459739445], [0.9000000000000004, 0.9000000000000005, 0.9, 0.8999999999999999, 0.9000000000000004, 0.9, 0.9, 0.9000000000000001, 0.9, 0.9, 0.0, 0.0, 0.0, 0.0], 3]}}, {"name": "CRUST", "x_inf": 0.9961701459739445, "x_sup": 1.0, "splines": {"omega_m": [[0.9961701459739445, 0.9961701459739445, 0.9961701459739445, 0.9961701459739445, 0.9970212246464012, 0.9974467639826295, 0.9978723033188579, 0.9982978426550865, 0.9987233819913148, 0.9991489213275433, 1.0, 1.0, 1.0, 1.0], [0.0, 0.0, 0.0, 0.0, 0.0, 0.0, 0.0, 0.0, 0.0, 0.0, 0.0, 0.0, 0.0, 0.0], 3], "alpha": [[0.9961701459739445, 0.9961701459739445, 0.9961701459739445, 0.9961701459739445, 0.9970212246464012, 0.9974467639826295, 0.9978723033188579, 0.9982978426550865, 0.9987233819913148, 0.9991489213275433, 1.0, 1.0, 1.0, 1.0], [0.0, 0.0, 0.0, 0.0, 0.0, 0.0, 0.0, 0.0, 0.0, 0.0, 0.0, 0.0, 0.0, 0.0], 3], "tau_M": [[0.9961701459739445, 0.9961701459739445, 0.9961701459739445, 0.9961701459739445, 0.9970212246464012, 0.9974467639826295, 0.9978723033188579, 0.9982978426550865, 0.9987233819913148, 0.9991489213275433, 1.0, 1.0, 1.0, 1.0], [0.0, 0.0, 0.0, 0.0, 0.0, 0.0, 0.0, 0.0, 0.0, 0.0, 0.0, 0.0, 0.0, 0.0], 3], "asymptotic_attenuation": [[0.9961701459739445, 0.9961701459739445, 0.9961701459739445, 0.9961701459739445, 0.9970212246464012, 0.9974467639826295, 0.9978723033188579, 0.9982978426550865, 0.9987233819913148, 0.9991489213275433, 1.0, 1.0, 1.0, 1.0], [0.0, 0.0, 0.0, 0.0, 0.0, 0.0, 0.0, 0.0, 0.0, 0.0, 0.0, 0.0, 0.0, 0.0], 3]}}], "radius_unit": 6371000.0, "real_crust": false, "n_splines_base": 10}