{"id": "PREM-constant-mu-Q30_uniform_uniform", "model_filename": "uniform", "description_layers": [{"name": "", "x_inf": 0.5462250824046461, "x_sup": 1.0, "splines": {"omega_m": [[0.5462250824046461, 0.5462250824046461, 0.5462250824046461, 0.5462250824046461, 0.6470639529813914, 0.6974833882697641, 0.7479028235581368, 0.7983222588465093, 0.8487416941348821, 0.8991611294232548, 1.0, 1.0, 1.0, 1.0], [0.000309, 0.00030899999999999976, 0.0003090000000000001, 0.000309, 0.000309, 0.000309, 0.00030900000000000003, 0.0003089999999999999, 0.00030900000000000014, 0.000309, 0.0, 0.0, 0.0, 0.0], 3], "alpha": [[0.5462250824046461, 0.5462250824046461, 0.5462250824046461, 0.5462250824046461, 0.6470639529813914, 0.6974833882697641, 0.7479028235581368, 0.7983222588465093, 0.8487416941348821, 0.8991611294232548, 1.0, 1.0, 1.0, 1.0], [0.25, 0.25, 0.24999999999999997, 0.25, 0.25000000000000006, 0.25, 0.25, 0.25, 0.25000000000000006, 0.25, 0.0, 0.0, 0.0, 0.0], 3], "tau_M": [[0.5462250824046461, 0.5462250824046461, 0.5462250824046461, 0.5462250824046461, 0.6470639529813914, 0.6974833882697641, 0.7479028235581368, 0.7983222588465093, 0.8487416941348821, 0.8991611294232548, 1.0, 1.0, 1.0, 1.0], [0.0, 0.0, 0.0, 0.0, 0.0, 0.0, 0.0, 0.0, 0.0, 0.0, 0.0, 0.0, 0.0, 0.0], 3], "asymptotic_attenuation": [[0.5462250824046461, 0.5462250824046461, 0.5462250824046461, 0.5462250824046461, 0.6470639529813914, 0.6974833882697641, 0.7479028235581368, 0.7983222588465093, 0.8487416941348821, 0.8991611294232548, 1.0, 1.0, 1.0, 1.0], [0.8, 0.7999999999999996, 0.8000000000000003, 0.8, 0.8, 0.8, 0.7999999999999998, 0.7999999999999998, 0.8000000000000004, 0.8, 0.0, 0.0, 0.0, 0.0], 3]}}], "radius_unit": 6371000.0, "real_crust": false, "n_splines_base": 10}